序号,标题,接口名称,测试URL,IMEI/UUID,"platform
（android/iOS）","platformVersion
(平台版本)","appVersion
（app版本号）",mobile,"bizKey
（业务参数）","if_token
(yes/no)",预期返回包含的内容
1,名片-创建-成功,card/createCard,http://172.28.6.111:8080/card/createCard,C79C6F66-A54B-4C5F-93D7-D3EA700DD120,iOS,8.4,3.0,13501007293,"{  ""title"" : ""朱建生"",  ""subtitle"" : ""测试""}",yes,"""result"":""success"""
2,名片-创建-图片-成功,card/createCard,http://172.28.6.111:8080/card/createCard,C79C6F66-A54B-4C5F-93D7-D3EA700DD120,iOS,8.4,3.0,13501007293,"{  ""title"" : ""朱建生"",  ""subtitle"" : ""测试"", ""avatarId"" : ""1234""}",yes,"""result"":""success"""
3,名片-创建-背景图片-成功,card/createCard,http://172.28.6.111:8080/card/createCard,C79C6F66-A54B-4C5F-93D7-D3EA700DD120,iOS,8.4,3.0,13501007293,"{  ""title"" : ""朱建生"",  ""subtitle"" : ""测试"", ""avatarId"" : ""1234"", ""backgroundId"" : ""1234""}",yes,"""result"":""success"""
4,名片-创建-交换方式1-成功,card/createCard,http://172.28.6.111:8080/card/createCard,C79C6F66-A54B-4C5F-93D7-D3EA700DD120,iOS,8.4,3.0,13501007293,"{  ""title"" : ""朱建生"",  ""subtitle"" : ""测试"", ""avatarId"" : ""1234"", ""backgroundId"" : ""1234"", ""joinMethod"" : 1}",yes,"""result"":""success"""
5,名片-创建-交换方式2-成功,card/createCard,http://172.28.6.111:8080/card/createCard,C79C6F66-A54B-4C5F-93D7-D3EA700DD120,iOS,8.4,3.0,13501007293,"{  ""title"" : ""朱建生"",  ""subtitle"" : ""测试"", ""avatarId"" : ""1234"", ""backgroundId"" : ""1234"", ""joinMethod"" : 2}",yes,"""result"":""success"""
6,名片-创建-交换方式3-成功,card/createCard,http://172.28.6.111:8080/card/createCard,C79C6F66-A54B-4C5F-93D7-D3EA700DD120,iOS,8.4,3.0,13501007293,"{  ""title"" : ""朱建生"",  ""subtitle"" : ""测试"", ""avatarId"" : ""1234"", ""backgroundId"" : ""1234"", ""joinMethod"" : 3}",yes,"""result"":""success"""
7,名片-创建-名片-成功,card/createCard,http://172.28.6.111:8080/card/createCard,C79C6F66-A54B-4C5F-93D7-D3EA700DD120,iOS,8.4,3.0,13501007293,"{  ""title"" : ""朱建生"",  ""subtitle"" : ""测试"", ""avatarId"" : ""1234"", ""backgroundId"" : ""1234"", ""feedId"" : ""c_333686""}",yes,"""result"":""success"""
8,名片-创建-搜索开关0-成功,card/createCard,http://172.28.6.111:8080/card/createCard,C79C6F66-A54B-4C5F-93D7-D3EA700DD120,iOS,8.4,3.0,13501007293,"{  ""title"" : ""朱建生"",  ""subtitle"" : ""测试"", ""avatarId"" : ""1234"", ""searchStatus"" : ""0""}",yes,"""result"":""success"""
9,名片-创建-搜索开关1-成功,card/createCard,http://172.28.6.111:8080/card/createCard,C79C6F66-A54B-4C5F-93D7-D3EA700DD120,iOS,8.4,3.0,13501007293,"{  ""title"" : ""朱建生"",  ""subtitle"" : ""测试"", ""avatarId"" : ""1234"", ""searchStatus"" : 1}",yes,"""result"":""success"""
10,名片-创建-搜索开关整型1-成功,card/createCard,http://172.28.6.111:8080/card/createCard,C79C6F66-A54B-4C5F-93D7-D3EA700DD120,iOS,8.4,3.0,13501007293,"{  ""title"" : ""朱建生"",  ""subtitle"" : ""测试"", ""avatarId"" : ""1234"", ""searchStatus"" : ""1""}",yes,"""result"":""success"""
11,名片-创建-名片传播子分类-成功,card/createCard,http://172.28.6.111:8080/card/createCard,C79C6F66-A54B-4C5F-93D7-D3EA700DD120,iOS,8.4,3.0,13501007293,"{  ""title"" : ""朱建生"",  ""subtitle"" : ""测试"", ""avatarId"" : ""1234"", ""spreadSubCategorys"" : ""syswin""}",yes,"""result"":""success"""
12,名片-创建-搜索开关1-成功,card/createCard,http://172.28.6.111:8080/card/createCard,C79C6F66-A54B-4C5F-93D7-D3EA700DD120,iOS,8.4,3.0,13501007293,"{  ""title"" : ""朱建生"",  ""subtitle"" : ""测试"", ""avatarId"" : ""1234"", ""searchStatus"" : 1}",yes,"""result"":""success"""
13,名片-创建-拥有者id-成功,card/createCard,http://172.28.6.111:8080/card/createCard,C79C6F66-A54B-4C5F-93D7-D3EA700DD120,iOS,8.4,3.0,13501007293,"{  ""title"" : ""朱建生"",  ""subtitle"" : ""测试"", ""avatarId"" : ""1234"", ""ownByUserId"" : ""11111""}",yes,"""result"":""success"""
14,名片-创建-使用者id-成功,card/createCard,http://172.28.6.111:8080/card/createCard,C79C6F66-A54B-4C5F-93D7-D3EA700DD120,iOS,8.4,3.0,13501007293,"{  ""title"" : ""朱建生"",  ""subtitle"" : ""测试"", ""avatarId"" : ""1234"", ""useByUserId"" : 111111}",yes,"""result"":""success"""
15,名片-创建-位置状态0-成功,card/createCard,http://172.28.6.111:8080/card/createCard,C79C6F66-A54B-4C5F-93D7-D3EA700DD120,iOS,8.4,3.0,13501007293,"{  ""title"" : ""朱建生"",  ""subtitle"" : ""测试"", ""avatarId"" : ""1234"", ""lbsStatus"" : 0}",yes,"""result"":""success"""
16,名片-创建-位置状态1-成功,card/createCard,http://172.28.6.111:8080/card/createCard,C79C6F66-A54B-4C5F-93D7-D3EA700DD120,iOS,8.4,3.0,13501007293,"{  ""title"" : ""朱建生"",  ""subtitle"" : ""测试"", ""avatarId"" : ""1234"", ""lbsStatus"" : 1}",yes,"""result"":""success"""
17,名片-创建-位置状态2-成功,card/createCard,http://172.28.6.111:8080/card/createCard,C79C6F66-A54B-4C5F-93D7-D3EA700DD120,iOS,8.4,3.0,13501007293,"{  ""title"" : ""朱建生"",  ""subtitle"" : ""测试"", ""avatarId"" : ""1234"", ""lbsStatus"" : 2}",yes,"""result"":""success"""
18,名片-创建-无效位置状态-失败,card/createCard,http://172.28.6.111:8080/card/createCard,C79C6F66-A54B-4C5F-93D7-D3EA700DD120,iOS,8.4,3.0,13501007293,"{  ""title"" : ""朱建生"",  ""subtitle"" : ""测试"", ""avatarId"" : ""1234"", ""lbsStatus"" : -3}",yes,"""result"":""success"""
19,名片-创建-位置明细-成功,card/createCard,http://172.28.6.111:8080/card/createCard,C79C6F66-A54B-4C5F-93D7-D3EA700DD120,iOS,8.4,3.0,13501007293,"{  ""title"" : ""朱建生"",  ""subtitle"" : ""测试"", ""avatarId"" : ""1234"", ""lbsStatus"" : 0, ""locationDetail"" : ""Beijing""}",yes,"""result"":""success"""
20,名片-创建-位置坐标-成功,card/createCard,http://172.28.6.111:8080/card/createCard,C79C6F66-A54B-4C5F-93D7-D3EA700DD120,iOS,8.4,3.0,13501007293,"{  ""title"" : ""朱建生"",  ""subtitle"" : ""测试"", ""avatarId"" : ""1234"", ""lbsStatus"" : 0, ""locationDetail"" : ""Beijing"", ""locationCoordinate"" : ""Beijinger""}",yes,"""result"":""success"""
21,名片-创建-搜索开关1-成功,card/createCard,http://172.28.6.111:8080/card/createCard,C79C6F66-A54B-4C5F-93D7-D3EA700DD120,iOS,8.4,3.0,13501007293,"{  ""title"" : ""朱建生"",  ""subtitle"" : ""测试"", ""avatarId"" : ""1234"", ""searchStatus"" : 1}",yes,"""result"":""success"""
22,名片-创建-使用状态0-成功,card/createCard,http://172.28.6.111:8080/card/createCard,C79C6F66-A54B-4C5F-93D7-D3EA700DD120,iOS,8.4,3.0,13501007293,"{  ""title"" : ""朱建生"",  ""subtitle"" : ""测试"", ""useStatus"" : 0}",yes,"""result"":""success"""
23,名片-创建-使用状态1-成功,card/createCard,http://172.28.6.111:8080/card/createCard,C79C6F66-A54B-4C5F-93D7-D3EA700DD120,iOS,8.4,3.0,13501007293,"{  ""title"" : ""朱建生"",  ""subtitle"" : ""测试"", ""useStatus"" : 1}",yes,"""result"":""success"""
24,名片-创建-使用状态2-成功,card/createCard,http://172.28.6.111:8080/card/createCard,C79C6F66-A54B-4C5F-93D7-D3EA700DD120,iOS,8.4,3.0,13501007293,"{  ""title"" : ""朱建生"",  ""subtitle"" : ""测试"", ""useStatus"" : 2}",yes,"""result"":""success"""
25,名片-创建-使用状态3-成功,card/createCard,http://172.28.6.111:8080/card/createCard,C79C6F66-A54B-4C5F-93D7-D3EA700DD120,iOS,8.4,3.0,13501007293,"{  ""title"" : ""朱建生"",  ""subtitle"" : ""测试"", ""useStatus"" : 3}",yes,"""result"":""success"""
26,名片-创建-性别-成功,card/createCard,http://172.28.6.111:8080/card/createCard,C79C6F66-A54B-4C5F-93D7-D3EA700DD120,iOS,8.4,3.0,13501007293,"{  ""title"" : ""朱建生"",  ""subtitle"" : ""测试"", ""sex"" : 0}",yes,"""result"":""success"""
27,名片-创建-性别-成功,card/createCard,http://172.28.6.111:8080/card/createCard,C79C6F66-A54B-4C5F-93D7-D3EA700DD120,iOS,8.4,3.0,13501007293,"{  ""title"" : ""朱建生"",  ""subtitle"" : ""测试"", ""sex"" : 1}",yes,"""result"":""success"""
28,名片-创建-年龄-成功,card/createCard,http://172.28.6.111:8080/card/createCard,C79C6F66-A54B-4C5F-93D7-D3EA700DD120,iOS,8.4,3.0,13501007293,"{  ""title"" : ""朱建生"",  ""subtitle"" : ""测试"", ""age"" : 50}",yes,"""result"":""success"""
29,名片-创建-时间戳-成功,card/createCard,http://172.28.6.111:8080/card/createCard,C79C6F66-A54B-4C5F-93D7-D3EA700DD120,iOS,8.4,3.0,13501007293,"{  ""title"" : ""朱建生"",  ""subtitle"" : ""测试"", ""version"" : 12345}",yes,"""result"":""success"""
30,面板-查询-成功,card/cardFrame,http://172.28.6.111:8080/card/cardFrame,C79C6F66-A54B-4C5F-93D7-D3EA700DD120,iOS,8.4,3.0,13501007293,"{""aspectType"" : ""3"",  ""toFeedId"" : ""c_333763"", ""version"" : ""0"", ""fromFeedId"" : ""c_333763""}",yes,"""result"":""success"""
31,面板-查询-无效被访问者id-成功,card/cardFrame,http://172.28.6.111:8080/card/cardFrame,C79C6F66-A54B-4C5F-93D7-D3EA700DD120,iOS,8.4,3.0,13501007293,"{""aspectType"" : ""3"",  ""toFeedId"" : ""c_3337"", ""version"" : ""0"", ""fromFeedId"" : ""c_333763""}",yes,"""result"":""error"""
32,面板-查询-访问面类型1-成功,card/cardFrame,http://172.28.6.111:8080/card/cardFrame,C79C6F66-A54B-4C5F-93D7-D3EA700DD120,iOS,8.4,3.0,13501007293,"{""aspectType"" : ""1"",  ""toFeedId"" : ""c_333763"", ""version"" : ""0"", ""fromFeedId"" : ""c_333763""}",yes,"""result"":""success"""
33,面板-查询-访问面类型2-成功,card/cardFrame,http://172.28.6.111:8080/card/cardFrame,C79C6F66-A54B-4C5F-93D7-D3EA700DD120,iOS,8.4,3.0,13501007293,"{""aspectType"" : ""2"",  ""toFeedId"" : ""c_333763"", ""version"" : ""0"", ""fromFeedId"" : ""c_333763""}",yes,"""result"":""success"""
34,面板-查询-访问面类型3-成功,card/cardFrame,http://172.28.6.111:8080/card/cardFrame,C79C6F66-A54B-4C5F-93D7-D3EA700DD120,iOS,8.4,3.0,13501007293,"{""aspectType"" : ""3"",  ""toFeedId"" : ""c_333763"", ""version"" : ""0"", ""fromFeedId"" : ""c_333763""}",yes,"""result"":""success"""
35,面板-查询-无效访问面类型0-成功,card/cardFrame,http://172.28.6.111:8080/card/cardFrame,C79C6F66-A54B-4C5F-93D7-D3EA700DD120,iOS,8.4,3.0,13501007293,"{""aspectType"" : ""0"",  ""toFeedId"" : ""c_333763"", ""version"" : ""0"", ""fromFeedId"" : ""c_333763""}",yes,"""result"":""error"""
36,面板-查询-无效访问面类型4-成功,card/cardFrame,http://172.28.6.111:8080/card/cardFrame,C79C6F66-A54B-4C5F-93D7-D3EA700DD120,iOS,8.4,3.0,13501007293,"{""aspectType"" : ""4"",  ""toFeedId"" : ""c_333763"", ""version"" : ""0"", ""fromFeedId"" : ""c_333763""}",yes,"""result"":""error"""
37,面板-查询-访问面类型2-成功,card/cardFrame,http://172.28.6.111:8080/card/cardFrame,C79C6F66-A54B-4C5F-93D7-D3EA700DD120,iOS,8.4,3.0,13501007293,"{""aspectType"" : ""2"",  ""toFeedId"" : ""c_333763"", ""version"" : ""0"", ""fromFeedId"" : ""c_333763""}",yes,"""result"":""success"""
38,面板-查询-访问面类型3-成功,card/cardFrame,http://172.28.6.111:8080/card/cardFrame,C79C6F66-A54B-4C5F-93D7-D3EA700DD120,iOS,8.4,3.0,13501007293,"{""aspectType"" : ""3"",  ""toFeedId"" : ""c_333763"", ""version"" : ""0"", ""fromFeedId"" : ""c_333763""}",yes,"""result"":""success"""
39,面板-查询-无效访问面类型0-成功,card/cardFrame,http://172.28.6.111:8080/card/cardFrame,C79C6F66-A54B-4C5F-93D7-D3EA700DD120,iOS,8.4,3.0,13501007293,"{""aspectType"" : ""0"",  ""toFeedId"" : ""c_333763"", ""version"" : ""0"", ""fromFeedId"" : ""c_333763""}",yes,"""result"":""error"""
40,面板-查询-无效访问面类型4-成功,card/cardFrame,http://172.28.6.111:8080/card/cardFrame,C79C6F66-A54B-4C5F-93D7-D3EA700DD120,iOS,8.4,3.0,13501007293,"{""aspectType"" : ""4"",  ""toFeedId"" : ""c_333763"", ""version"" : ""0"", ""fromFeedId"" : ""c_333763""}",yes,"""result"":""error"""
41,名片-更新-昵称-成功,card/updateCard,http://172.28.6.111:8080/card/updateCard,C79C6F66-A54B-4C5F-93D7-D3EA700DD120,iOS,8.4,3.0,13501007293,"{""feedId"" : ""c_333763"",  ""title"" : ""zhujiansheng"",  ""subtitle"" : ""test"" }",yes,"""result"":""success"""
42,名片-更新-推广语-成功,card/updateCard,http://172.28.6.111:8080/card/updateCard,C79C6F66-A54B-4C5F-93D7-D3EA700DD120,iOS,8.4,3.0,13501007293,"{""feedId"" : ""c_333763"",  ""title"" : ""zhujiansheng"",  ""subtitle"" : ""test-update"" }",yes,"""result"":""success"""
43,名片-更新-图片-成功,card/updateCard,http://172.28.6.111:8080/card/updateCard,C79C6F66-A54B-4C5F-93D7-D3EA700DD120,iOS,8.4,3.0,13501007293,"{""feedId"" : ""c_333763"",  ""title"" : ""zhujiansheng"",  ""subtitle"" : ""test-update"", ""avatarId"" : ""http://static1.sqtoon.com/share/card/socialcard.jpg"" }",yes,"""result"":""success"""
44,名片-更新-背景图片-成功,card/updateCard,http://172.28.6.111:8080/card/updateCard,C79C6F66-A54B-4C5F-93D7-D3EA700DD120,iOS,8.4,3.0,13501007293,"{""feedId"" : ""c_333763"",  ""title"" : ""zhujiansheng"",  ""subtitle"" : ""test-update"", ""backgroundId"" : ""http://static1.sqtoon.com/share/card/socialcard.jpg"" }",yes,"""result"":""success"""
45,名片-更新-交换方法1-成功,card/updateCard,http://172.28.6.111:8080/card/updateCard,C79C6F66-A54B-4C5F-93D7-D3EA700DD120,iOS,8.4,3.0,13501007293,"{""feedId"" : ""c_333763"",  ""title"" : ""zhujiansheng"",  ""subtitle"" : ""test-update"", ""joinMethod"" : 1 }",yes,"""result"":""success"""
46,名片-更新-交换方法2-成功,card/updateCard,http://172.28.6.111:8080/card/updateCard,C79C6F66-A54B-4C5F-93D7-D3EA700DD120,iOS,8.4,3.0,13501007293,"{""feedId"" : ""c_333763"",  ""title"" : ""zhujiansheng"",  ""subtitle"" : ""test-update"", ""joinMethod"" : 2 }",yes,"""result"":""success"""
47,名片-更新-交换方法3-成功,card/updateCard,http://172.28.6.111:8080/card/updateCard,C79C6F66-A54B-4C5F-93D7-D3EA700DD120,iOS,8.4,3.0,13501007293,"{""feedId"" : ""c_333763"",  ""title"" : ""zhujiansheng"",  ""subtitle"" : ""test-update"", ""joinMethod"" : 3 }",yes,"""result"":""success"""
48,名片-更新-名片号字符-成功,card/updateCard,http://172.28.6.111:8080/card/updateCard,C79C6F66-A54B-4C5F-93D7-D3EA700DD120,iOS,8.4,3.0,13501007293,"{""feedId"" : ""c_333763"",  ""title"" : ""zhujiansheng"",  ""subtitle"" : ""test-update"", ""cardNumber"" : ""TestCardNumber"" }",yes,"""result"":""success"""
49,名片-更新-名片号数值-成功,card/updateCard,http://172.28.6.111:8080/card/updateCard,C79C6F66-A54B-4C5F-93D7-D3EA700DD120,iOS,8.4,3.0,13501007293,"{""feedId"" : ""c_333763"",  ""title"" : ""zhujiansheng"",  ""subtitle"" : ""test-update"", ""cardNumber"" : 1234 }",yes,"""result"":""success"""
50,名片-更新-搜索状态0-成功,card/updateCard,http://172.28.6.111:8080/card/updateCard,C79C6F66-A54B-4C5F-93D7-D3EA700DD120,iOS,8.4,3.0,13501007293,"{""feedId"" : ""c_333763"",  ""title"" : ""zhujiansheng"",  ""subtitle"" : ""test-update"", ""searchStatus"" : 0 }",yes,"""result"":""success"""
51,名片-更新-搜索状态1-成功,card/updateCard,http://172.28.6.111:8080/card/updateCard,C79C6F66-A54B-4C5F-93D7-D3EA700DD120,iOS,8.4,3.0,13501007293,"{""feedId"" : ""c_333763"",  ""title"" : ""zhujiansheng"",  ""subtitle"" : ""test-update"", ""searchStatus"" : 1 }",yes,"""result"":""success"""
52,名片-更新-名片传播子分类-成功,card/updateCard,http://172.28.6.111:8080/card/updateCard,C79C6F66-A54B-4C5F-93D7-D3EA700DD120,iOS,8.4,3.0,13501007293,"{""feedId"" : ""c_333763"",  ""title"" : ""zhujiansheng"",  ""subtitle"" : ""test-update"", ""spreadSubCategorys"" : ""test,auto"" }",yes,"""result"":""success"""
53,名片-更新-LBS位置状态0-成功,card/updateCard,http://172.28.6.111:8080/card/updateCard,C79C6F66-A54B-4C5F-93D7-D3EA700DD120,iOS,8.4,3.0,13501007293,"{""feedId"" : ""c_333763"",  ""title"" : ""zhujiansheng"",  ""subtitle"" : ""test-update"", ""lbsStatus"" : 0 }",yes,"""result"":""success"""
54,名片-更新-LBS位置状态1-成功,card/updateCard,http://172.28.6.111:8080/card/updateCard,C79C6F66-A54B-4C5F-93D7-D3EA700DD120,iOS,8.4,3.0,13501007293,"{""feedId"" : ""c_333763"",  ""title"" : ""zhujiansheng"",  ""subtitle"" : ""test-update"", ""lbsStatus"" : 1 }",yes,"""result"":""success"""
55,名片-更新-LBS位置状态2-成功,card/updateCard,http://172.28.6.111:8080/card/updateCard,C79C6F66-A54B-4C5F-93D7-D3EA700DD120,iOS,8.4,3.0,13501007293,"{""feedId"" : ""c_333763"",  ""title"" : ""zhujiansheng"",  ""subtitle"" : ""test-update"", ""lbsStatus"" : 2 }",yes,"""result"":""success"""
56,名片-更新-位置明细-成功,card/updateCard,http://172.28.6.111:8080/card/updateCard,C79C6F66-A54B-4C5F-93D7-D3EA700DD120,iOS,8.4,3.0,13501007293,"{""feedId"" : ""c_333763"",  ""title"" : ""zhujiansheng"",  ""subtitle"" : ""test-update"", ""lbsStatus"" : 2, ""locationDetail"" : ""Beijing"" }",yes,"""result"":""success"""
57,名片-更新-位置坐标-成功,card/updateCard,http://172.28.6.111:8080/card/updateCard,C79C6F66-A54B-4C5F-93D7-D3EA700DD120,iOS,8.4,3.0,13501007293,"{""feedId"" : ""c_333763"",  ""title"" : ""zhujiansheng"",  ""subtitle"" : ""test-update"", ""lbsStatus"" : 2, ""locationDetail"" : ""Beijing"", ""locationCoordinate"" : ""123456.7"" }",yes,"""result"":""success"""
58,名片-更新-使用状态0-成功,card/updateCard,http://172.28.6.111:8080/card/updateCard,C79C6F66-A54B-4C5F-93D7-D3EA700DD120,iOS,8.4,3.0,13501007293,"{""feedId"" : ""c_333763"",  ""title"" : ""zhujiansheng"",  ""subtitle"" : ""test-update"", ""useStatus"" : 0 }",yes,"""result"":""success"""
59,名片-更新-使用状态1-成功,card/updateCard,http://172.28.6.111:8080/card/updateCard,C79C6F66-A54B-4C5F-93D7-D3EA700DD120,iOS,8.4,3.0,13501007293,"{""feedId"" : ""c_333763"",  ""title"" : ""zhujiansheng"",  ""subtitle"" : ""test-update"", ""useStatus"" : 1 }",yes,"""result"":""success"""
60,名片-更新-使用状态2-成功,card/updateCard,http://172.28.6.111:8080/card/updateCard,C79C6F66-A54B-4C5F-93D7-D3EA700DD120,iOS,8.4,3.0,13501007293,"{""feedId"" : ""c_333763"",  ""title"" : ""zhujiansheng"",  ""subtitle"" : ""test-update"", ""useStatus"" : 2 }",yes,"""result"":""success"""
61,名片-更新-使用状态3-成功,card/updateCard,http://172.28.6.111:8080/card/updateCard,C79C6F66-A54B-4C5F-93D7-D3EA700DD120,iOS,8.4,3.0,13501007293,"{""feedId"" : ""c_333763"",  ""title"" : ""zhujiansheng"",  ""subtitle"" : ""test-update"", ""useStatus"" : 3 }",yes,"""result"":""success"""
62,名片-更新-性别0-成功,card/updateCard,http://172.28.6.111:8080/card/updateCard,C79C6F66-A54B-4C5F-93D7-D3EA700DD120,iOS,8.4,3.0,13501007293,"{""feedId"" : ""c_333763"",  ""title"" : ""zhujiansheng"",  ""subtitle"" : ""test-update"", ""sex"" : 0 }",yes,"""result"":""success"""
63,名片-更新-性别1-成功,card/updateCard,http://172.28.6.111:8080/card/updateCard,C79C6F66-A54B-4C5F-93D7-D3EA700DD120,iOS,8.4,3.0,13501007293,"{""feedId"" : ""c_333763"",  ""title"" : ""zhujiansheng"",  ""subtitle"" : ""test-update"", ""sex"" : 1 }",yes,"""result"":""success"""
64,名片-更新-年龄50-成功,card/updateCard,http://172.28.6.111:8080/card/updateCard,C79C6F66-A54B-4C5F-93D7-D3EA700DD120,iOS,8.4,3.0,13501007293,"{""feedId"" : ""c_333763"",  ""title"" : ""zhujiansheng"",  ""subtitle"" : ""test-update"", ""age"" : 50 }",yes,"""result"":""success"""
65,名片-更新-时间戳-失败,card/updateCard,http://172.28.6.111:8080/card/updateCard,C79C6F66-A54B-4C5F-93D7-D3EA700DD120,iOS,8.4,3.0,13501007293,"{""feedId"" : ""c_333763"",  ""title"" : ""zhujiansheng"",  ""subtitle"" : ""test-update"", ""version"" : 160 }",yes,"""result"":""success"""
66,名片-获取-成功,card/obtainCard,http://172.28.6.111:8080/card/obtainCard,C79C6F66-A54B-4C5F-93D7-D3EA700DD120,iOS,8.4,3.0,13501007293,"{""feedId"" : ""c_333763"",  ""version"" : 1000 }",yes,"""result"":""success"""
67,名片-获取-无效feedId-失败,card/obtainCard,http://172.28.6.111:8080/card/obtainCard,C79C6F66-A54B-4C5F-93D7-D3EA700DD120,iOS,8.4,3.0,13501007293,"{""feedId"" : ""c_1111333763"",  ""version"" : 1000 }",yes,"""result"":""error"""
68,名片-获取配置字段-成功,card/obtainCardFieldConfig,http://172.28.6.111:8080/card/obtainCardFieldConfig,C79C6F66-A54B-4C5F-93D7-D3EA700DD120,iOS,8.4,3.0,13501007293,{},yes,"""result"":""success"""
69,名片-获取配置字段-时间戳-成功,card/obtainCardFieldConfig,http://172.28.6.111:8080/card/obtainCardFieldConfig,C79C6F66-A54B-4C5F-93D7-D3EA700DD120,iOS,8.4,3.0,13501007293,"{""version"" : 1000 }",yes,"""result"":""success"""
70,名片-添加名片推荐-成功,card/addCardRecommendation,http://172.28.6.111:8080/card/addCardRecommendation,C79C6F66-A54B-4C5F-93D7-D3EA700DD120,iOS,8.4,3.0,13501007293,"{""feedId"" : ""c_336109"",  ""recommendFeedId"" : ""c_336110+rnd"", ""recommendReason"" : ""Fun"", ""recommendStatus"" : 1, ""nickname"" : ""Jason""}",yes,"""result"":""success"""
71,名片-添加名片推荐-用户id-成功,card/addCardRecommendation,http://172.28.6.111:8080/card/addCardRecommendation,C79C6F66-A54B-4C5F-93D7-D3EA700DD120,iOS,8.4,3.0,13501007293,"{""feedId"" : ""c_336109"",  ""userId"" : ""323964"", ""recommendFeedId"" : ""c_336110+rnd"", ""recommendReason"" : ""Fun"", ""recommendStatus"" : 1, ""nickname"" : ""Jason""}",yes,"""result"":""success"""
72,名片-添加名片推荐-推荐状态1-成功,card/addCardRecommendation,http://172.28.6.111:8080/card/addCardRecommendation,C79C6F66-A54B-4C5F-93D7-D3EA700DD120,iOS,8.4,3.0,13501007293,"{""feedId"" : ""c_336109"",  ""userId"" : ""323964"", ""recommendFeedId"" : ""c_336110+rnd"", ""recommendReason"" : ""Fun"", ""recommendStatus"" : 1, ""nickname"" : ""Jason""}",yes,"""result"":""success"""
73,名片-添加名片推荐-推荐状态2-成功,card/addCardRecommendation,http://172.28.6.111:8080/card/addCardRecommendation,C79C6F66-A54B-4C5F-93D7-D3EA700DD120,iOS,8.4,3.0,13501007293,"{""feedId"" : ""c_336109"",  ""userId"" : ""323964"", ""recommendFeedId"" : ""c_336110+rnd"", ""recommendReason"" : ""Fun"", ""recommendStatus"" : 2, ""nickname"" : ""Jason""}",yes,"""result"":""success"""
74,名片-添加名片推荐-推荐状态3-成功,card/addCardRecommendation,http://172.28.6.111:8080/card/addCardRecommendation,C79C6F66-A54B-4C5F-93D7-D3EA700DD120,iOS,8.4,3.0,13501007293,"{""feedId"" : ""c_336109"",  ""userId"" : ""323964"", ""recommendFeedId"" : ""c_336110+rnd"", ""recommendReason"" : ""Fun"", ""recommendStatus"" : 3, ""nickname"" : ""Jason""}",yes,"""result"":""success"""
75,名片-添加名片推荐-时间戳-成功,card/addCardRecommendation,http://172.28.6.111:8080/card/addCardRecommendation,C79C6F66-A54B-4C5F-93D7-D3EA700DD120,iOS,8.4,3.0,13501007293,"{""feedId"" : ""c_336109"",  ""userId"" : ""323964"", ""recommendFeedId"" : ""c_336110+rnd"", ""recommendReason"" : ""Fun"", ""recommendStatus"" : 2, ""nickname"" : ""Jason"", ""version"": 1000}",yes,"""result"":""success"""
76,名片-更新名片推荐-成功,card/updateCardRecommendation,http://172.28.6.111:8080/card/updateCardRecommendation,C79C6F66-A54B-4C5F-93D7-D3EA700DD120,iOS,8.4,3.0,13501007293,"{""feedId"" : ""c_336109"",  ""recommendFeedId"" : ""c_336110"", ""recommendStatus"" : 1, ""nickname"" : ""APITest""}",yes,"""result"":""success"""
77,名片-更新名片推荐-用户id-成功,card/updateCardRecommendation,http://172.28.6.111:8080/card/updateCardRecommendation,C79C6F66-A54B-4C5F-93D7-D3EA700DD120,iOS,8.4,3.0,13501007293,"{""feedId"" : ""c_336109"",  ""userId"" : ""324527"", ""recommendFeedId"" : ""c_336110"", ""recommendStatus"" : 1, ""nickname"" : ""APITest""}",yes,"""result"":""success"""
78,名片-更新名片推荐-无效名片id-失败,card/updateCardRecommendation,http://172.28.6.111:8080/card/updateCardRecommendation,C79C6F66-A54B-4C5F-93D7-D3EA700DD120,iOS,8.4,3.0,13501007293,"{""feedId"" : ""336109"", ""recommendFeedId"" : ""c_336110"", ""recommendStatus"" : 1, ""nickname"" : ""APITest""}",yes,"""result"":""error"""
79,名片-更新名片推荐-推荐原因-成功,card/updateCardRecommendation,http://172.28.6.111:8080/card/updateCardRecommendation,C79C6F66-A54B-4C5F-93D7-D3EA700DD120,iOS,8.4,3.0,13501007293,"{""feedId"" : ""c_336109"", ""recommendFeedId"" : ""c_336110"", ""recommendReason"" : ""好朋友"", ""recommendStatus"" : 1, ""nickname"" : ""APITest""}",yes,"""result"":""success"""
80,名片-更新名片推荐-推荐状态1-成功,card/updateCardRecommendation,http://172.28.6.111:8080/card/updateCardRecommendation,C79C6F66-A54B-4C5F-93D7-D3EA700DD120,iOS,8.4,3.0,13501007293,"{""feedId"" : ""c_336109"", ""recommendFeedId"" : ""c_336110"", ""recommendReason"" : ""好朋友"", ""recommendStatus"" : 1, ""nickname"" : ""APITest""}",yes,"""result"":""success"""
81,名片-更新名片推荐-推荐状态2-成功,card/updateCardRecommendation,http://172.28.6.111:8080/card/updateCardRecommendation,C79C6F66-A54B-4C5F-93D7-D3EA700DD120,iOS,8.4,3.0,13501007293,"{""feedId"" : ""c_336109"", ""recommendFeedId"" : ""c_336110"", ""recommendReason"" : ""好朋友"", ""recommendStatus"" : 2, ""nickname"" : ""APITest""}",yes,"""result"":""success"""
82,名片-更新名片推荐-推荐状态3-成功,card/updateCardRecommendation,http://172.28.6.111:8080/card/updateCardRecommendation,C79C6F66-A54B-4C5F-93D7-D3EA700DD120,iOS,8.4,3.0,13501007293,"{""feedId"" : ""c_336109"", ""recommendFeedId"" : ""c_336110"", ""recommendReason"" : ""好朋友"", ""recommendStatus"" : 3, ""nickname"" : ""APITest""}",yes,"""result"":""success"""
83,名片-更新名片推荐-时间戳-成功,card/updateCardRecommendation,http://172.28.6.111:8080/card/updateCardRecommendation,C79C6F66-A54B-4C5F-93D7-D3EA700DD120,iOS,8.4,3.0,13501007293,"{""feedId"" : ""c_336109"", ""recommendFeedId"" : ""c_336110"", ""recommendReason"" : ""好朋友"", ""recommendStatus"" : 1, ""nickname"" : ""APITest"", ""version"" : 123456}",yes,"""result"":""success"""
84,名片－更新－位置坐标－成功,card/updateLocationCoordinate,http://172.28.6.111:8080/card/updateLocationCoordinate,C79C6F66-A54B-4C5F-93D7-D3EA700DD120,iOS,8.4,3.0,13501007293,"{""latilongitude"" : ""39.995025,116.451512"", ""feedIds"" : ""c_336109,c_333763,c_333759""}",yes,"""result"":""success"""
85,名片－更新－空名片id－成功,card/updateLocationCoordinate,http://172.28.6.111:8080/card/updateLocationCoordinate,C79C6F66-A54B-4C5F-93D7-D3EA700DD120,iOS,8.4,3.0,13501007293,"{""latilongitude"" : ""39.995025,116.451512"", ""feedIds"" : """"}",yes,"""result"":""success"""
86,名片－更新－空位置坐标－成功,card/updateLocationCoordinate,http://172.28.6.111:8080/card/updateLocationCoordinate,C79C6F66-A54B-4C5F-93D7-D3EA700DD120,iOS,8.4,3.0,13501007293,"{""latilongitude"" : "","", ""feedIds"" : ""c_336109,c_333763,c_333759""}",yes,"""result"":""success"""
87,名片－二维码－成功,card/generateQRCode,http://172.28.6.111:8080/card/generateQRCode,C79C6F66-A54B-4C5F-93D7-D3EA700DD120,iOS,8.4,3.0,13501007293,"{""width"" : ""180"", ""height"" : ""180"", ""feedId"" : ""c_336109""}",yes,"""result"":""success"""
88,名片－二维码宽高100－成功,card/generateQRCode,http://172.28.6.111:8080/card/generateQRCode,C79C6F66-A54B-4C5F-93D7-D3EA700DD120,iOS,8.4,3.0,13501007293,"{""width"" : ""100"", ""height"" : ""100"", ""feedId"" : ""c_336109""}",yes,"""result"":""success"""
89,名片－二维码宽高0－成功,card/generateQRCode,http://172.28.6.111:8080/card/generateQRCode,C79C6F66-A54B-4C5F-93D7-D3EA700DD120,iOS,8.4,3.0,13501007293,"{""width"" : ""0"", ""height"" : ""0"", ""feedId"" : ""c_336109""}",yes,"""result"":""success"""
90,名片－二维码－无效名片id－失败,card/generateQRCode,http://172.28.6.111:8080/card/generateQRCode,C79C6F66-A54B-4C5F-93D7-D3EA700DD120,iOS,8.4,3.0,13501007293,"{""width"" : ""0"", ""height"" : ""0"", ""feedId"" : ""c_111111336109""}",yes,"""result"":""error"""
91,名片－获取-传播分类1－成功,card/obtainSpreadCategory,http://172.28.6.111:8080/card/obtainSpreadCategory,C79C6F66-A54B-4C5F-93D7-D3EA700DD120,iOS,8.4,3.0,13501007293,"{""type"" : 1, ""version"" : ""0""}",yes,"""result"":""success"""
92,名片－获取-传播分类2－成功,card/obtainSpreadCategory,http://172.28.6.111:8080/card/obtainSpreadCategory,C79C6F66-A54B-4C5F-93D7-D3EA700DD120,iOS,8.4,3.0,13501007293,"{""type"" : 2, ""version"" : ""0""}",yes,"""result"":""success"""
93,名片－获取-热门传播传播子类－成功,card/obtainRecommendSubCategoryList,http://172.28.6.111:8080/card/obtainRecommendSubCategoryList,C79C6F66-A54B-4C5F-93D7-D3EA700DD120,iOS,8.4,3.0,13501007293,"{""type"" : 1, ""version"" : ""0""}",yes,"""result"":""success"""
94,名片－获取-热门传播传播子类2－成功,card/obtainRecommendSubCategoryList,http://172.28.6.111:8080/card/obtainRecommendSubCategoryList,C79C6F66-A54B-4C5F-93D7-D3EA700DD120,iOS,8.4,3.0,13501007293,"{""type"" : 2, ""version"" : ""0""}",yes,"""result"":""success"""
95,名片－获取名片交换模式－名片id－成功,card/obtainJoinMethod,http://172.28.6.111:8080/card/obtainJoinMethod,C79C6F66-A54B-4C5F-93D7-D3EA700DD120,iOS,8.4,3.0,13501007293,"{""feedId"" : ""c_333759""}",yes,"""result"":""success"""
96,名片－获取名片交换模式－无效名片id－失败,card/obtainJoinMethod,http://172.28.6.111:8080/card/obtainJoinMethod,C79C6F66-A54B-4C5F-93D7-D3EA700DD120,iOS,8.4,3.0,13501007293,"{""feedId"" : ""c_11111333759""}",yes,"""result"":""error"""
97,名片－获取名片交换模式－昵称－成功,card/obtainJoinMethod,http://172.28.6.111:8080/card/obtainJoinMethod,C79C6F66-A54B-4C5F-93D7-D3EA700DD120,iOS,8.4,3.0,13501007293,"{""feedId"" : ""c_333759"", ""title"": ""test""}",yes,"""result"":""success"""
98,名片－获取名片交换模式－推广语－成功,card/obtainJoinMethod,http://172.28.6.111:8080/card/obtainJoinMethod,C79C6F66-A54B-4C5F-93D7-D3EA700DD120,iOS,8.4,3.0,13501007293,"{""feedId"" : ""c_333759"", ""subtitle"": ""test""}",yes,"""result"":""success"""
99,名片－获取名片交换模式－图片id－成功,card/obtainJoinMethod,http://172.28.6.111:8080/card/obtainJoinMethod,C79C6F66-A54B-4C5F-93D7-D3EA700DD120,iOS,8.4,3.0,13501007293,"{""feedId"" : ""c_333759"", ""avatarId"": ""test""}",yes,"""result"":""success"""
100,名片－获取名片交换模式－背景图－成功,card/obtainJoinMethod,http://172.28.6.111:8080/card/obtainJoinMethod,C79C6F66-A54B-4C5F-93D7-D3EA700DD120,iOS,8.4,3.0,13501007293,"{""feedId"" : ""c_333759"", ""backgroundId"": ""test""}",yes,"""result"":""success"""
101,名片－获取名片交换模式－交换方法－成功,card/obtainJoinMethod,http://172.28.6.111:8080/card/obtainJoinMethod,C79C6F66-A54B-4C5F-93D7-D3EA700DD120,iOS,8.4,3.0,13501007293,"{""feedId"" : ""c_333759"", ""joinMethod"": ""1""}",yes,"""result"":""success"""
102,名片－获取名片交换模式－名片号－成功,card/obtainJoinMethod,http://172.28.6.111:8080/card/obtainJoinMethod,C79C6F66-A54B-4C5F-93D7-D3EA700DD120,iOS,8.4,3.0,13501007293,"{""feedId"" : ""c_333759"", ""cardNumber"": ""122999""}",yes,"""result"":""success"""
103,名片－获取名片交换模式－扩展信息－成功,card/obtainJoinMethod,http://172.28.6.111:8080/card/obtainJoinMethod,C79C6F66-A54B-4C5F-93D7-D3EA700DD120,iOS,8.4,3.0,13501007293,"{""feedId"" : ""c_333759"", ""vCard"": ""test""}",yes,"""result"":""success"""
104,名片－获取名片交换模式－搜索状态－成功,card/obtainJoinMethod,http://172.28.6.111:8080/card/obtainJoinMethod,C79C6F66-A54B-4C5F-93D7-D3EA700DD120,iOS,8.4,3.0,13501007293,"{""feedId"" : ""c_333759"", ""searchStatus"": 1}",yes,"""result"":""success"""
105,名片－获取名片交换模式－搜索字段值－成功,card/obtainJoinMethod,http://172.28.6.111:8080/card/obtainJoinMethod,C79C6F66-A54B-4C5F-93D7-D3EA700DD120,iOS,8.4,3.0,13501007293,"{""feedId"" : ""c_333759"", ""searchFieldValue"": ""test""}",yes,"""result"":""success"""
106,名片－获取名片交换模式－传播子分类－成功,card/obtainJoinMethod,http://172.28.6.111:8080/card/obtainJoinMethod,C79C6F66-A54B-4C5F-93D7-D3EA700DD120,iOS,8.4,3.0,13501007293,"{""feedId"" : ""c_333759"", ""spreadSubCategorys"": ""test""}",yes,"""result"":""success"""
107,名片－获取名片交换模式－拥有者id－成功,card/obtainJoinMethod,http://172.28.6.111:8080/card/obtainJoinMethod,C79C6F66-A54B-4C5F-93D7-D3EA700DD120,iOS,8.4,3.0,13501007293,"{""feedId"" : ""c_333759"", ""ownByUserId"": 324527}",yes,"""result"":""success"""
108,名片－获取名片交换模式－使用者id－成功,card/obtainJoinMethod,http://172.28.6.111:8080/card/obtainJoinMethod,C79C6F66-A54B-4C5F-93D7-D3EA700DD120,iOS,8.4,3.0,13501007293,"{""feedId"" : ""c_333759"", ""useByUserId"": 324527}",yes,"""result"":""success"""
